login,password,name,utype_id
NancyDye8533,NancyDye8533,Nancy Dye,1
EstherOsborne6600,EstherOsborne6600,Esther Osborne,1
RobertGreen2731,RobertGreen2731,Robert Green,1
ElizabethYoung5796,ElizabethYoung5796,Elizabeth Young,1
CarlKing2150,CarlKing2150,Carl King,1
AndreCurran6484,AndreCurran6484,Andre Curran,1
EmersonRaymer1044,EmersonRaymer1044,Emerson Raymer,1
EdithHollis4810,EdithHollis4810,Edith Hollis,1
TessaHelstrom1872,TessaHelstrom1872,Tessa Helstrom,1
JoyceGleim6066,JoyceGleim6066,Joyce Gleim,1
RichardWard9682,RichardWard9682,Richard Ward,2
DavidYi3305,DavidYi3305,David Yi,1
GladysKostyla5746,GladysKostyla5746,Gladys Kostyla,1
EdwinBrox4598,EdwinBrox4598,Edwin Brox,1
HarryAtkins8475,HarryAtkins8475,Harry Atkins,1
AnnCampos3590,AnnCampos3590,Ann Campos,2
EleneCox2153,EleneCox2153,Elene Cox,1
DaleSmith4357,DaleSmith4357,Dale Smith,2
DianaRobles2454,DianaRobles2454,Diana Robles,1
test,test,Test User,2
MiriamArmor8240,MiriamArmor8240,Miriam Armor,1
ClydeShepard937,ClydeShepard937,Clyde Shepard,1
LeonaMorel5916,LeonaMorel5916,Leona Morel,2
LawrenceKissel7813,LawrenceKissel7813,Lawrence Kissel,1
CynthiaCross6098,CynthiaCross6098,Cynthia Cross,2
PatrickSmart9939,PatrickSmart9939,Patrick Smart,1
CharlesNoble2769,CharlesNoble2769,Charles Noble,1
NathanMouton3769,NathanMouton3769,Nathan Mouton,1
RobertDawson8397,RobertDawson8397,Robert Dawson,2
BentonHaifley7303,BentonHaifley7303,Benton Haifley,2
FrancesDevore7645,FrancesDevore7645,Frances Devore,1
MaxineMonroe7352,MaxineMonroe7352,Maxine Monroe,1
AnthonyRodriguez5425,AnthonyRodriguez5425,Anthony Rodriguez,1
RebeccaKennelly5583,RebeccaKennelly5583,Rebecca Kennelly,1
GeraldAshby8585,GeraldAshby8585,Gerald Ashby,2
WilliamRubin7793,WilliamRubin7793,William Rubin,1
MaganCarey6167,MaganCarey6167,Magan Carey,2
WilliamJohnson5627,WilliamJohnson5627,William Johnson,1
AnthonyStoller404,AnthonyStoller404,Anthony Stoller,1
BelenSabb6283,BelenSabb6283,Belen Sabb,1
EsmeraldaSmith4981,EsmeraldaSmith4981,Esmeralda Smith,1
FrankBallas4190,FrankBallas4190,Frank Ballas,1
CrystalKline458,CrystalKline458,Crystal Kline,1
BlakeNavarro2557,BlakeNavarro2557,Blake Navarro,1
KennethRhodes755,KennethRhodes755,Kenneth Rhodes,2
LaceyHodge8951,LaceyHodge8951,Lacey Hodge,1
LuzHale1479,LuzHale1479,Luz Hale,2
AnnieContreras7962,AnnieContreras7962,Annie Contreras,1
YasminHaney6829,YasminHaney6829,Yasmin Haney,1
BarbaraMedina7926,BarbaraMedina7926,Barbara Medina,2
MelissaMoore8345,MelissaMoore8345,Melissa Moore,1
AnthonyChambers1535,AnthonyChambers1535,Anthony Chambers,1
EarlMitchel2975,EarlMitchel2975,Earl Mitchel,2
JavierMiller6644,JavierMiller6644,Javier Miller,2
JoeyDay178,JoeyDay178,Joey Day,2
EricMast8615,EricMast8615,Eric Mast,1
PhoebeGioe50,PhoebeGioe50,Phoebe Gioe,1
MarilynMurphy6774,MarilynMurphy6774,Marilyn Murphy,1
JoseCrisci1736,JoseCrisci1736,Jose Crisci,1
SophieMilburn317,SophieMilburn317,Sophie Milburn,1
RachelThomas8408,RachelThomas8408,Rachel Thomas,1
JackiePowell8379,JackiePowell8379,Jackie Powell,1
EloiseHurt4314,EloiseHurt4314,Eloise Hurt,1
PhyllisNelson1289,PhyllisNelson1289,Phyllis Nelson,2
PatriciaGrice1136,PatriciaGrice1136,Patricia Grice,1
DavidMcneely5013,DavidMcneely5013,David Mcneely,1
PearlieBruce6381,PearlieBruce6381,Pearlie Bruce,1
TraceyHolly4431,TraceyHolly4431,Tracey Holly,2
DorothyTaylor5970,DorothyTaylor5970,Dorothy Taylor,1
DiannaDiberardino8632,DiannaDiberardino8632,Dianna Diberardino,2
TeresaZodrow9824,TeresaZodrow9824,Teresa Zodrow,1
BrandieWarren268,BrandieWarren268,Brandie Warren,1
ClarissaMusick6271,ClarissaMusick6271,Clarissa Musick,1
AliciaShaffstall7432,AliciaShaffstall7432,Alicia Shaffstall,2
ShannonBarry5448,ShannonBarry5448,Shannon Barry,1
EricaRuka195,EricaRuka195,Erica Ruka,1
EasterWilson1030,EasterWilson1030,Easter Wilson,1
LarryMenges9896,LarryMenges9896,Larry Menges,1
GlenPinson4747,GlenPinson4747,Glen Pinson,1
WilliamHanley8637,WilliamHanley8637,William Hanley,2
RobertaSingh2930,RobertaSingh2930,Roberta Singh,2
DominicYoung9678,DominicYoung9678,Dominic Young,1
EdwardMayle9716,EdwardMayle9716,Edward Mayle,2
ArthurTessier312,ArthurTessier312,Arthur Tessier,1
CharlesLeek8653,CharlesLeek8653,Charles Leek,1
TinaLabelle2398,TinaLabelle2398,Tina Labelle,1
JoanDixon460,JoanDixon460,Joan Dixon,1
GusRobinette6338,GusRobinette6338,Gus Robinette,2
MildredParlato5919,MildredParlato5919,Mildred Parlato,1
KennyCunningham6643,KennyCunningham6643,Kenny Cunningham,2
MaryHoughton3046,MaryHoughton3046,Mary Houghton,1
TerryYang9275,TerryYang9275,Terry Yang,2
JamesHuguley4033,JamesHuguley4033,James Huguley,1
MachelleKachmarsky2448,MachelleKachmarsky2448,Machelle Kachmarsky,2
MikeHeart6383,MikeHeart6383,Mike Heart,1
SteveIngram3815,SteveIngram3815,Steve Ingram,2
ErnestineGreen7787,ErnestineGreen7787,Ernestine Green,2
AndrewSchoderbek1486,AndrewSchoderbek1486,Andrew Schoderbek,2
MaryAnderson1464,MaryAnderson1464,Mary Anderson,1
KentHall5032,KentHall5032,Kent Hall,2
